skill,course_count,example_courses
business,14,Exit Strategies and Business Valuation; Digital Business Models; Agile in Business
data,14,PHP 2020 Basics; Launch Your MySQL Powers; IoT and Big Data
programming,14,Visual Basic Modeling Process; Hacking Basics of Computer Programming; C 2019 ObjectOriented Programming
customer,12,Face to Face Customer Service; Customer Service First Call Resolution; Customer Magnet
web,12,JavaScript BOM DOM; WordPress Your First Steps to Be a FullStack Developer; HTML Web Design Tools
digital,11,HTML Web Design Tools; Introduction to Digital Transformation; Digital Business Models
management,10,Risk Management; Introduction to Supply Chain Management; Operations Management for Startups
functions,8,Essential Unity Controls 1; Be an Autocad Artist Autocad Drawing 2; Advanced JavaScript
marketing,8,Digital Marketing Introduction; Social Media Marketing Basics; Digital Marketing Facebook
personal,8,Critical Thinking; Personal Effectiveness; Sell Yourself and Idea Personal Branding
team,8,Team Dynamics; Shifting Focus from Team Member to Team Leader; Building First Impression
customers,7,Face to Face Customer Service; Spin Selling; Serving Customers using Social Media
database,7,Publish your First Android Studio Project; Access 2019 Essentials; Python Database
professional,7,Emotional Intelligence; Business Ethics and Etiquette; Advanced Excel
project,7,Revit 2020 Intelligible Projects; Managing key stakeholders; Revit 2020Lasting Buildings
projects,7,Revit 2020 Intelligible Projects; Master The Animation in 3D Max; Lets Practice 3D Max
revit,7,Revit 2020 Intelligible Projects; Revit 2020Simple Steps to Create Splendid Stairs; Revit 2020 Create Walls of Armor
social,7,Social Media Marketing Basics; Serving Customers using Social Media; Social Media for Job Prospecting
what,7,Introduction to Digital Transformation; Body Language Fundamentals; The Art of Happiness
adobe,6,Adobe InDesign Formatting Books; Adobe Illustrator Essentials; Adobe InDesign Advanced Techniques
customer service,6,Face to Face Customer Service; Customer Service First Call Resolution; Customer Service Career
digital transformation,6,Introduction to Digital Transformation; Digital Transformation; Introduction to Digital Transformation
do,6,Code of Ethics and Corporate Governance; Financial Inclusion; Increasing Productivity and Time Management
max,6,03 D Max Start Creating your Own Project Material; 03 D Max Hologram Design; Start with 3D Max
objects,6,03 D Max Hologram Design; Be an Autocad Artist Autocad Drawing 2; PHP 2020 OOP
sales,6,Spin Selling; Sell with Stories; The psychology of selling
service,6,Face to Face Customer Service; Customer Service First Call Resolution; Customer Service Career
transformation,6,Introduction to Digital Transformation; Digital Transformation; Introduction to Digital Transformation
android,5,Support Your Android Sensors; Publish your First Android Studio Project; Android Studio Build Your Own APK
autocad,5,Practice your Autocad Skills; Be an Autocad Artist Autocad Drawing 2; Autocad 3D Be the Embodied Hero
can,5,Critical Thinking; Data-Drive Decision Making; Time Management
chain,5,Introduction to Supply Chain Management; Digital Transformation in Supply Chain; Supply Chain Analytics
change,5,Introduction to Digital Transformation; Agile in Business; Presentation Skills Basics
corporate,5,How companies operate; Introduction to Corporate Governance; How to make it in the corporate world
could,5,Spin Selling; Sell with Stories; Effective Complaint Handling Skills
development,5,PHP 2020 OOP; Android Studio 2017 Essentials; Human Development and Behavior
ethical,5,Code of Ethics and Corporate Governance; Ethical Decision Making in Business; Business Ethics
financial,5,Introduction to Accounting; Basics of business finance; Sustainability in Banking Sector
javascript,5,JavaScript BOM DOM; HTML Web Design Tools; JavaScript Basics
mysql,5,Launch Your MySQL Powers; MySQL Advances; Python Database
not,5,Introduction To Waste Management In Egypt; Effective Complaint Handling Skills; Working With Upset Customers
php,5,PHP 2020 Basics; PHP 2020 OOP; PHP 2020 File and Error Handling
practices,5,Cybersecurity Essentials; Introduction to Sustainability; Introduction to talent acquisition
supply,5,Introduction to Supply Chain Management; Digital Transformation in Supply Chain; Supply Chain Analytics
supply chain,5,Introduction to Supply Chain Management; Digital Transformation in Supply Chain; Supply Chain Analytics
sustainability,5,Introduction to Sustainability; Sustainability in Corporates; Sustainable Development Goals
visual,5,Visual Basic Modeling Process; Visual Basic Advanced Custom Controls; Introduction to Visual Basic
designs,4,Be an Autocad Artist Autocad Drawing 2; Advanced Photoshop Shapes and Tools; Adobe Illustrator Make Your Design Looks Great
effects,4,Adobe Illustrator Make Your Design Looks Great; After Effects 2019 Advanced Techniques; After Effects 2019 Effects Presets
elements,4,JavaScript BOM DOM; Be an Autocad Artist Autocad Drawing 2; Revit 2020Lasting Buildings
formatting,4,Go Through Word 2019; Adobe InDesign Formatting Books; PowerPoint Beginnings
hacking,4,Hacking Basics of Computer Programming; Growth Hacking; Hacking White Hat Tools
job,4,Social Media for Job Prospecting; How To Pass An Interview; How companies operate
know,4,Financial Inclusion; The Art of Happiness; Learn and Master Sales
leadership,4,How to manage your managers; Lead Your Company to Winning; Leadership Skills
manipulation,4,Launch Your MySQL Powers; Advanced JavaScript; PHP 2020 File and Error Handling
more,4,03 D Max Hologram Design; Customer Magnet; Increasing Productivity and Time Management
organisational,4,Business Acumen; Lead Your Company to Winning; Office Filling
proficiency,4,Practice your Autocad Skills; How to Start your Advanced Level in Animate 2019; Excel Essential Training
python,4,Python Database; Python Basics 2020; Python Oriented Programming OOP
risk,4,Risk Management; Risk Management and internal controls; Operational Risk
risk management,4,Risk Management; Risk Management and internal controls; Operational Risk
students,4,PHP 2020 OOP; Ethical Decision Making in Business; Supply Chain Analytics
success,4,Team Dynamics; Success Recipe to Become a Star; Shifting Focus from Team Member to Team Leader
thinking,4,Logical Thinking; Critical Thinking; Analytical skills
time,4,Increasing Productivity and Time Management; Healthy Living; Time Management
wordpress,4,WordPress Your First Steps to Be a FullStack Developer; WordPress Plugins; Build a Stronger WordPress Website
yourself,4,Sell Yourself and Idea Personal Branding; How companies operate; Lead Yourself
adobe indesign,3,Adobe InDesign Formatting Books; Adobe InDesign Advanced Techniques; Adobe InDesign Essentials
after,3,After Effects 2019 Advanced Techniques; After Effects 2019 Effects Presets; After Effects 2019 Essentials
after effects,3,After Effects 2019 Advanced Techniques; After Effects 2019 Effects Presets; After Effects 2019 Essentials
animation,3,Adobe Animate CC 2019 Learn How to Make your Character Moves; Master The Animation in 3D Max; Adobe Animate CC 2019 for Beginners
build,3,How to manage your managers; Android Studio Build Your Own APK; Corporate Governance for Startups
career,3,Customer Service Career; Building business relationships; Learn and Master Sales
communication,3,Body Language Fundamentals; Communication Skills; Cross-cultural communication
control,3,Visual Basic Modeling Process; HACCP principles and application; Hacking Start your White Hat Path
css,3,HTML Web Design Tools; C 2019 ASPNet; CSS Basics
cybersecurity,3,Cybersecurity Essentials; Hacking White Hat Tools; Hacking Create your Own Keylogger
databases,3,Python Database; MySQL Kick Start Your Career in Databases; Be a MYSQL Hero
decision-making,3,Critical Thinking; Analytical skills; Data-Drive Decision Making
employees,3,Art of Coaching; Giving Constructive Feedback; Employees Rights and Responsibilities
ethics,3,Code of Ethics and Corporate Governance; Business Ethics; Business Ethics and Etiquette
excel,3,Advanced Excel; Excel Essential Training; Excel Formulas and Functions
file,3,PHP 2020 File and Error Handling; Office Filling; Make a Deep Friendship with your Windows 10 Computer
health,3,Introduction to Mental health; Work life Balance; Healthy Living
html,3,HTML Web Design Tools; HTML Advanced Techniques; HTML Essentials
illustrator,3,Adobe Illustrator Make Your Design Looks Great; Adobe Illustrator Essentials; Adobe Illustrator Advanced Techniques
indesign,3,Adobe InDesign Formatting Books; Adobe InDesign Advanced Techniques; Adobe InDesign Essentials
individuals,3,Critical Thinking; Sell Yourself and Idea Personal Branding; Analytical skills
interface,3,Start with 3D Max; Access 2019 Essentials; Introduction to AutoCAD
interview,3,Interviewing Skills; How To Pass An Interview; Introduction to talent acquisition
like,3,Introduction to Supply Chain Management; Basics of business finance; Be an Autocad Artist Autocad Drawing 2
loops,3,JavaScript Basics; Hacking Start your White Hat Path; Python Basics 2020
main,3,Sell with Stories; Effective Complaint Handling Skills; Learn and Master Sales
media,3,Social Media Marketing Basics; Serving Customers using Social Media; Social Media for Job Prospecting
motion,3,Master The Animation in 3D Max; After Effects 2019 Advanced Techniques; After Effects 2019 Essentials
operations,3,Operations Management for Startups; Hacking Basics of Computer Programming; Hacking White Hat Tools
others,3,Influence Persuasion; Self Awareness; Developing Empathy
out,3,WordPress Plugins; Leading at the Speed of Trust; Sales Principles
performance,3,Performance Management; Procurement and Supplier Management; Art of Coaching
precision,3,Launch Your MySQL Powers; Advanced Photoshop Shapes and Tools; 03 D Max Become an Expert in the Final Touches
presentation,3,PowerPoint Beginnings; Presentation Skills Basics; PowerPoint Professional Looking Presentation
principles,3,Introduction to Accounting; Sales Principles; Basics of Logistics and Transportation
psychological,3,Social Psychology Fundamentals; Introduction to Psychology; Human Development and Behavior
psychology,3,Basics of Cognitive Psychology; Social Psychology Fundamentals; Introduction to Psychology
re,3,Adobe Animate CC 2019 Learn How to Make your Character Moves; Revit 2020Get Started; Introduction to Visual Basic
security,3,Build a Stronger WordPress Website; Hacking White Hat Tools; Make a Deep Friendship with your Windows 10 Computer
selling,3,Spin Selling; Learn and Master Sales; Sales Principles
social media,3,Social Media Marketing Basics; Serving Customers using Social Media; Social Media for Job Prospecting
strategic,3,Analytical skills; Introduction to talent acquisition; Advanced Strategic Negotiation Skills
stress,3,Work life Balance; Stress Management (AR); Anger and Stress
user,3,PHP 2020 OOP; Master Access 2019 Advanced; C 2019 Essentials
want,3,Financial Inclusion; Presentation Skills Basics; Communication Skills
way,3,Advanced Interpersonal Skills; Dealing with Criticism; AI in Everyday life
well,3,Self Awareness; Art of Coaching; Giving Constructive Feedback
where,3,Visual Basic Advanced Custom Controls; Adobe Animate CC 2019 for Beginners; Customer Centricity
windows,3,Get Closer to your Windows 10 Computer; Make a Deep Friendship with your Windows 10 Computer; Access the Worlds Windows Microsoft Edge
work,3,Working Remotely; Revit 2020 Rendering Show off your Fabulous work; Developing Empathy
workplace,3,Designing workplace hygiene policies; Business Ethics and Etiquette; Workplace Diversity
access,2,Access 2019 Essentials; Master Access 2019 Advanced
accounting,2,Introduction to Accounting; Basics of Logistics and Transportation
accounting principles,2,Introduction to Accounting; Basics of Logistics and Transportation
adding,2,WordPress Plugins; Revit 2020 Intelligible Projects
adobe after,2,After Effects 2019 Advanced Techniques; After Effects 2019 Essentials
adobe after effects,2,After Effects 2019 Advanced Techniques; After Effects 2019 Essentials
ai,2,The Art and Science of Prompt Engineering; AI in Everyday life
always,2,Customer Service First Call Resolution; How To Pass An Interview
android studio,2,Android Studio 2017 Essentials; Practice Android Studio 2017
anger,2,Working With Upset Customers; Anger and Stress
animate,2,How to Start your Advanced Level in Animate 2019; Adobe Animate CC 2019 for Beginners
animate cc,2,How to Start your Advanced Level in Animate 2019; Adobe Animate CC 2019 for Beginners
animations,2,Advanced Photoshop Shapes and Tools; After Effects 2019 Effects Presets
app,2,Android Studio Build Your Own APK; Android Studio 2017 Essentials
application,2,Go Through Word 2019; Introduction to Sustainability
architectural,2,Revit 2020Lasting Buildings; Revit 2020Get Started
array,2,Be an Autocad Artist Autocad Drawing 2; Advanced JavaScript
arrays,2,Advanced JavaScript; Advanced PHP 2020
art,2,Adobe Illustrator Advanced Techniques; Sales Principles
behavior,2,Social Psychology Fundamentals; Human Development and Behavior
bookkeeping,2,Introduction to Accounting; Basics of Logistics and Transportation
browsing,2,The Psychology of Internet Addiction; Access the Worlds Windows Microsoft Edge
business ethics,2,Business Ethics; Business Ethics and Etiquette
campaign,2,Social Media Marketing Basics; Digital Marketing Advanced Marketing Strategies
cc,2,How to Start your Advanced Level in Animate 2019; Adobe Animate CC 2019 for Beginners
characters,2,Adobe Animate CC 2019 Learn How to Make your Character Moves; Master The Animation in 3D Max
classes,2,PHP 2020 OOP; Python Oriented Programming OOP
cognitive,2,Basics of Cognitive Psychology; Social Psychology Fundamentals
collaboration,2,Basic Teamwork and Collaboration; Developing Empathy
companies,2,Growth Hacking; How companies operate
company,2,Effective Complaint Handling Skills; Sustainability in Corporates
corporate governance,2,Introduction to Corporate Governance; Corporate Governance for Startups
creativity,2,Lets Practice 3D Max; Creativity and Innovation
crisis,2,The Twenties Journey; Risk and Crisis Management Environmental Awareness
csr,2,Corporate Social Responsibility (CSR) Principles; Supply Chain Sustainability and CSR
data-driven,2,Data-Drive Decision Making; Supply Chain Analytics
database management,2,Python Database; MySQL Kick Start Your Career in Databases
different,2,Success Recipe to Become a Star; Sales Principles
digital marketing,2,Digital Marketing Automation; Digital Marketing Advanced Marketing Strategies
documents,2,Detecting Forgery and Counterfeiting; Getting Started with Word 2019
even,2,Customer Service First Call Resolution; Sustainability in Corporates
every,2,AllStar Customer Service Team Leadership; Adobe Animate CC 2019 for Beginners
feel,2,Increasing Productivity and Time Management; The first 100 Days Magnet Plan
financial statements,2,Introduction to Accounting; Basics of Logistics and Transportation
forgery,2,Detecting Forgery and Counterfeiting; Fraud Forgery
form,2,Body Language Fundamentals; Advanced PHP 2020
frameworks,2,Agile in Business; Digital Transfomation Frameworks
fraud,2,Detecting Forgery and Counterfeiting; Fraud Forgery
fraud forgery,2,Detecting Forgery and Counterfeiting; Fraud Forgery
full,2,Introduction to Digital Transformation; Advanced Excel
game,2,Essential Unity Controls 1; Unity Basics
get,2,Financial Inclusion; Introduction to Visual Basic
goals,2,Sustainable Development Goals; Setting SMART Objectives and Planning
good,2,Healthy Living; Communication Skills
governance,2,Introduction to Corporate Governance; Corporate Governance for Startups
green,2,Sustainability in Corporates; Risk and Crisis Management Environmental Awareness
handling,2,Effective Complaint Handling Skills; PHP 2020 File and Error Handling
has,2,Social Media for Job Prospecting; Advanced Interpersonal Skills
help,2,Workplace Diversity; Setting SMART Objectives and Planning
hygiene,2,Designing workplace hygiene policies; Overview of hygiene principles
including,2,Practice your Autocad Skills; Revit 2020 Create Walls of Armor
influence,2,Influence Persuasion; leadership and influence
integration,2,Revit 2020Simple Steps to Create Splendid Stairs; HTML Advanced Techniques
internal,2,Managing key stakeholders; Risk Management and internal controls
internet,2,Social Media for Job Prospecting; The Psychology of Internet Addiction
jquery,2,HTML Web Design Tools; JavaScript Regular Expressions and Drawing
json,2,PHP 2020 Database; JavaScript Regular Expressions and Drawing
just,2,Introduction to Visual Basic; Attention To Details
know what,2,Introduction to Digital Transformation; The Art of Happiness
language,2,Body Language Fundamentals; Python Database
layers,2,Practice your Autocad Skills; Introduction to Networks 1
layout,2,CSS Basics; Practice Android Studio 2017
leader,2,Shifting Focus from Team Member to Team Leader; Building First Impression
manager,2,Transition to Senior Management; Giving Constructive Feedback
material,2,03 D Max Become an Expert in the Final Touches; 03 D Max Master Creating your Own Project Material
methods,2,HTML Advanced Techniques; Python Basics 2020
microsoft,2,Get Closer to your Windows 10 Computer; Access 2019 Essentials
modeling,2,03 D Max Start Creating your Own Project Material; Revit 2020Simple Steps to Create Splendid Stairs
models,2,Digital Business Models; Autocad 3D Be the Embodied Hero
movements,2,Adobe Animate CC 2019 Learn How to Make your Character Moves; Master The Animation in 3D Max
networks,2,Neural networks; Introduction to Networks 1
oop,2,Advanced JavaScript; PHP 2020 OOP
options,2,Get Closer to your Windows 10 Computer; Adobe InDesign Formatting Books
people,2,Leading at the Speed of Trust; The Twenties Journey
phone,2,Support Your Android Sensors; Android Studio Build Your Own APK
photoshop,2,Photoshop Tools and Layers; Advanced Photoshop Shapes and Tools
platforms,2,Social Media Marketing Basics; Digital Marketing Advanced Marketing Strategies
presentation skills,2,Presentation Skills And Public Speaking; Presentation Skills Basics
procedures,2,Office Filling; Be a MYSQL Hero
refine,2,Be an Autocad Artist Autocad Drawing 2; PowerPoint Beginnings
remote,2,Working Remotely; Managing Remote Teams
responsibility,2,Accountability; Corporate Social Responsibility (CSR) Principles
responsibility csr,2,Corporate Social Responsibility (CSR) Principles; Supply Chain Sustainability and CSR
risks,2,Cybersecurity Essentials; Risk Management in Supply Chain
setting,2,Art of Coaching; Setting SMART Objectives and Planning
shapes,2,Advanced Photoshop Shapes and Tools; Adobe Illustrator Advanced Techniques
site,2,WordPress Plugins; Revit 2020Lasting Buildings
social responsibility csr,2,Corporate Social Responsibility (CSR) Principles; Supply Chain Sustainability and CSR
sql,2,Python Database; PHP 2020 Database
strings,2,Python Oriented Programming OOP; Advanced PHP 2020
studio,2,Android Studio 2017 Essentials; Practice Android Studio 2017
styles,2,Practice your Autocad Skills; CSS Basics
sustainable,2,Sustainability in Banking Sector; Sustainable Development Goals
system,2,Get Closer to your Windows 10 Computer; Make a Deep Friendship with your Windows 10 Computer
tables,2,Access 2019 Essentials; Excel Essential Training
teams,2,Managing Remote Teams; Lead Your Company to Winning
technologies,2,Digital Transformation in Supply Chain; Fundamentals of renewable energy
text,2,Revit 2020 Intelligible Projects; Practice your Autocad Skills
types,2,Introduction to Networks 1; Excel Formulas and Functions
unity,2,Essential Unity Controls 1; Unity Basics
up,2,PHP 2020 Basics; Introduction to Digital Transformation
variables,2,Visual Basic Modeling Process; How to Start your Advanced Level in Animate 2019
ve,2,WordPress Plugins; How To Pass An Interview
web development,2,JavaScript Basics; PHP 2020 OOP
web programming,2,Visual Basic Advanced Custom Controls; Python Web Programming
website,2,Build a Stronger WordPress Website; WordPress Earn from What you Learn
who,2,Effective Complaint Handling Skills; How to Manage Your Manager
word,2,Go Through Word 2019; Getting Started with Word 2019
working,2,Working Remotely; Adobe Illustrator Advanced Techniques
world,2,Introduction to Digital Transformation; How to make it in the corporate world
writing,2,Business Email Writing; Business Writing
xml,2,PHP 2020 Database; JavaScript Regular Expressions and Drawing
able,1,Influence Persuasion
access interface,1,Access 2019 Essentials
accessing,1,Get Closer to your Windows 10 Computer
accountable,1,Accountability
accounting financial statements,1,Introduction to Accounting
achieve success,1,Interviewing Skills
acquisition,1,Introduction to talent acquisition
across,1,Social Media Marketing Basics
actions,1,Leading at the Speed of Trust
acumen,1,Business Acumen
adaptability,1,Flexibility and Adaptability
adaptive,1,Flexibility and Adaptability
adaptive workers,1,Flexibility and Adaptability
addiction,1,The Psychology of Internet Addiction
addiction children,1,The Psychology of Internet Addiction
adept,1,PHP 2020 File and Error Handling
adobe illustrator,1,Adobe Illustrator Essentials
adobe premiere,1,Adobe Primere The Utimate Guide
advances,1,MySQL Advances
affiliate,1,Digital Marketing Advanced Marketing Strategies
affiliate marketing,1,Digital Marketing Advanced Marketing Strategies
against,1,Hacking Create your Own Keylogger
age,1,The Twenties Journey
aggregation,1,MySQL Advances
aggregation functions,1,MySQL Advances
agile,1,Agile in Business
agility,1,Agile in Business
all,1,Leadership Skills
all growing,1,Shifting Focus from Team Member to Team Leader
all us,1,Leadership Skills
almost,1,Influence Persuasion
analytical,1,Analytical skills
analytical thinking,1,Analytical skills
analytics,1,Supply Chain Analytics
analyze,1,Critical Thinking
android sensors,1,Support Your Android Sensors
android studio project,1,Publish your First Android Studio Project
animated,1,Adobe Animate CC 2019 Learn How to Make your Character Moves
animated characters,1,Adobe Animate CC 2019 Learn How to Make your Character Moves
animator,1,Adobe Animate CC 2019 for Beginners
annotation,1,Revit 2020 Intelligible Projects
any,1,Body Language Fundamentals
any other,1,Body Language Fundamentals
apk,1,Android Studio Build Your Own APK
app development,1,Android Studio 2017 Essentials
appearance,1,Adobe Illustrator Make Your Design Looks Great
appearance panel,1,Adobe Illustrator Make Your Design Looks Great
applications,1,Python Web Programming
apply,1,leadership and influence
approach,1,Data-Drive Decision Making
apps,1,Get Closer to your Windows 10 Computer
asp.net,1,C 2019 ASPNet
aspect,1,AllStar Customer Service Team Leadership
asser,1,Customer Service Career
assess,1,Introduction to talent acquisition
assume,1,Lateral Thinking
attention,1,Attention To Details
attention detail,1,Attention To Details
attractive,1,Employees Rights and Responsibilities
attributes,1,HTML Essentials
audience,1,Presentation Skills And Public Speaking
automation,1,Digital Marketing Automation
balance,1,Work life Balance
banking,1,Sustainability in Banking Sector
banking sector,1,Sustainability in Banking Sector
before,1,Interviewing Skills
behind,1,Stress Management (AR)
being,1,Advanced Interpersonal Skills
between,1,HTML Advanced Techniques
big,1,IoT and Big Data
big data,1,IoT and Big Data
blocks,1,Practice your Autocad Skills
body,1,Body Language Fundamentals
body language,1,Body Language Fundamentals
bom,1,JavaScript BOM DOM
bom dom,1,JavaScript BOM DOM
book,1,Adobe InDesign Formatting Books
books,1,Adobe InDesign Formatting Books
bootstrap,1,C 2019 ASPNet
boss,1,How to Manage Your Manager
boss who,1,How to Manage Your Manager
boxes,1,C 2019 Essentials
brand,1,Sell Yourself and Idea Personal Branding
branding,1,Sell Yourself and Idea Personal Branding
browser,1,JavaScript BOM DOM
brushes,1,Adobe Illustrator Make Your Design Looks Great
build own,1,Android Studio Build Your Own APK
build own apk,1,Android Studio Build Your Own APK
builder,1,Customer Magnet
building,1,Building business relationships
built-in,1,After Effects 2019 Effects Presets
built-in animations,1,After Effects 2019 Effects Presets
business finance,1,Basics of business finance
business models,1,Digital Business Models
business models digital,1,Digital Business Models
business relationships,1,Building business relationships
business strategies,1,Digital Business Models
business valuation,1,Exit Strategies and Business Valuation
business writing,1,Business Writing
buttons,1,Practice Android Studio 2017
buyer,1,Sell with Stories
camera,1,Support Your Android Sensors
campaign management,1,Digital Marketing Advanced Marketing Strategies
campaigns,1,Digital Marketing Automation
candidate,1,Interviewing Skills
car,1,Sales Prospects
career databases,1,MySQL Kick Start Your Career in Databases
cases,1,Hacking Start your White Hat Path
cash,1,Basics of business finance
cash flow,1,Basics of business finance
certain,1,Lateral Thinking
chain analytics,1,Supply Chain Analytics
chain management,1,Introduction to Supply Chain Management
chain sustainability,1,Supply Chain Sustainability and CSR
channels,1,Serving Customers using Social Media
character,1,Adobe Animate CC 2019 Learn How to Make your Character Moves
characteristics,1,Presentation Skills for Managers
children,1,The Psychology of Internet Addiction
choose,1,Sales Prospects
choose most,1,Sales Prospects
choosing,1,Sales Prospects
choosing best,1,Sales Prospects
civility,1,Developing Civility at Work
clarity,1,Business Email Writing
class,1,C 2019 ObjectOriented Programming
cloud,1,Cloud Computing Fundamentals & Practices
cloud computing,1,Cloud Computing Fundamentals & Practices
coach,1,Art of Coaching
coach employees,1,Art of Coaching
coaching,1,Art of Coaching
coaching process,1,Art of Coaching
code,1,Visual Basic Modeling Process
cognitive psychology,1,Basics of Cognitive Psychology
collaborate,1,Sustainability Principles and Sustainability in Business
collective,1,Team Dynamics
color,1,Adobe Illustrator Advanced Techniques
communication skills,1,Communication Skills
competition,1,Growth Hacking
competitors,1,Lead Your Company to Winning
computing,1,Cloud Computing Fundamentals & Practices
concepts,1,Introduction to Psychology
concepts have clear,1,Introduction to Accounting
connectors,1,Introduction to Networks 1
constraints,1,Launch Your MySQL Powers
consumer,1,Serving Customers using Social Media
consumer support,1,Serving Customers using Social Media
context,1,Agile in Business
control emotions,1,Anger and Stress
control points,1,HACCP principles and application
controls,1,Risk Management and internal controls
corporate governance startups,1,Corporate Governance for Startups
corporate social,1,Corporate Social Responsibility (CSR) Principles
corporate social responsibility,1,Corporate Social Responsibility (CSR) Principles
corporate world,1,How to make it in the corporate world
could feel,1,The first 100 Days Magnet Plan
counterfeiting,1,Detecting Forgery and Counterfeiting
counterfeiting forgery,1,Detecting Forgery and Counterfeiting
crafting,1,Adobe InDesign Advanced Techniques
creating,1,Python Oriented Programming OOP
creation,1,Revit 2020Simple Steps to Create Splendid Stairs
creativity innovation,1,Creativity and Innovation
creators,1,Adobe Animate CC 2019 for Beginners
critical,1,Critical Thinking
critical control,1,HACCP principles and application
critical control points,1,HACCP principles and application
critical thinking,1,Critical Thinking
criticism,1,Dealing with Criticism
cross-cultural,1,Cross-cultural communication
cross-cultural communication,1,Cross-cultural communication
csr principles,1,Corporate Social Responsibility (CSR) Principles
customer expectations,1,Managing customer expectations
customer magnet,1,Customer Magnet
customer main,1,Effective Complaint Handling Skills
customer service career,1,Customer Service Career
customer service employee,1,Customer Service Basics
customer support,1,AllStar Customer Service Team Leadership
customer support team,1,AllStar Customer Service Team Leadership
customers using,1,Serving Customers using Social Media
cyber,1,Cybersecurity Essentials
data android,1,Practice Android Studio 2017
data integrity,1,Launch Your MySQL Powers
data manipulation,1,Launch Your MySQL Powers
day,1,Leading at the Speed of Trust
day-to-day,1,Leadership Skills
days,1,The first 100 Days Magnet Plan
dealing customers,1,Customer Service Basics
decision,1,Ethical Decision Making in Business
decision making,1,Ethical Decision Making in Business
decision making business,1,Ethical Decision Making in Business
decisions,1,Data-Drive Decision Making
deep,1,JavaScript Basics
dependent,1,Managing customer expectations
dependent upon,1,Managing customer expectations
deployment,1,Cloud Computing Fundamentals & Practices
design programming,1,C 2019 ASPNet
design programming languages,1,C 2019 ASPNet
designing,1,Designing workplace hygiene policies
designing workplace,1,Designing workplace hygiene policies
designing workplace hygiene,1,Designing workplace hygiene policies
detail,1,Attention To Details
developer,1,HTML Essentials
development behavior,1,Human Development and Behavior
development goals,1,Sustainable Development Goals
devices,1,Introduction to Networks 1
did,1,Sustainability in Corporates
did ever,1,Sustainability in Corporates
digital business,1,Digital Business Models
digital business models,1,Digital Business Models
digital marketing automation,1,Digital Marketing Automation
dilemmas,1,Business Ethics
dimension,1,Revit 2020 Intelligible Projects
dimensions,1,03 D Max Start Creating your Own Project Material
disaster,1,Risk and Crisis Management Environmental Awareness
discusses,1,Leading at the Speed of Trust
disorders,1,Introduction to Mental health
dive,1,Introduction to Visual Basic
diverse,1,Workplace Diversity
diversity,1,Workplace Diversity
django,1,Python Web Programming
do want,1,Financial Inclusion
documentation,1,Revit 2020 Intelligible Projects
dom,1,JavaScript BOM DOM
don,1,Financial Inclusion
done,1,Working Remotely
drawings,1,Practice your Autocad Skills
dream,1,Time Management
during,1,Interviewing Skills
dynamics,1,Team Dynamics
each,1,leadership and influence
easily,1,Effective Complaint Handling Skills
edge,1,Access the Worlds Windows Microsoft Edge
editing,1,Be an Autocad Artist Autocad Drawing 2
effectiveness,1,Personal Effectiveness
elevate,1,How to Start your Advanced Level in Animate 2019
elevate skills,1,How to Start your Advanced Level in Animate 2019
elucidating,1,Start with 3D Max
email,1,Business Email Writing
email writing,1,Business Email Writing
emails,1,Business Email Writing
embark,1,Risk Management
embark exciting,1,Make a Deep Friendship with your Windows 10 Computer
embark exciting journey,1,Make a Deep Friendship with your Windows 10 Computer
embark journey,1,Risk Management
emotional,1,Emotional Intelligence
emotional intelligence,1,Emotional Intelligence
emotions,1,Emotional Intelligence
empathy,1,Developing Empathy
employers,1,Attention To Details
energy,1,Fundamentals of renewable energy
energy systems,1,Fundamentals of renewable energy
engine,1,WordPress Earn from What you Learn
engineering,1,The Art and Science of Prompt Engineering
enhance mental,1,Introduction to Mental health
enhance mental health,1,Introduction to Mental health
enough,1,Leadership Skills
enroll,1,Excel Essential Training
environment,1,Risk and Crisis Management Environmental Awareness
environmental,1,Sustainability in Banking Sector
environmental social,1,Sustainability in Banking Sector
error,1,PHP 2020 File and Error Handling
error handling,1,PHP 2020 File and Error Handling
errors,1,PHP 2020 File and Error Handling
errors intricate,1,PHP 2020 File and Error Handling
esg,1,Sustainability in Banking Sector
ethical decision,1,Ethical Decision Making in Business
ethical decision making,1,Ethical Decision Making in Business
ethical dilemmas,1,Business Ethics
ethically,1,Code of Ethics and Corporate Governance
etiquette,1,Business Ethics and Etiquette
evaluate,1,leadership and influence
ever,1,Sustainability in Corporates
exactly,1,Growth Hacking
example,1,Adobe Illustrator Essentials
excel functions,1,Excel Formulas and Functions
excel proficiency,1,Excel Essential Training
excel spreadsheet,1,Excel Formulas and Functions
excel spreadsheet management,1,Excel Formulas and Functions
excellence,1,Lead Your Company to Winning
existing,1,After Effects 2019 Effects Presets
existing presets,1,After Effects 2019 Effects Presets
exit,1,Exit Strategies and Business Valuation
exit strategies,1,Exit Strategies and Business Valuation
exit strategies business,1,Exit Strategies and Business Valuation
expectations,1,Managing customer expectations
experience,1,HTML Essentials
experiencing,1,Experiencing Hajj
experiencing hajj,1,Experiencing Hajj
explorer,1,Make a Deep Friendship with your Windows 10 Computer
export,1,Adobe InDesign Formatting Books
expressions,1,JavaScript Regular Expressions and Drawing
external,1,Managing key stakeholders
external stakeholders,1,Managing key stakeholders
eyes,1,Self Awareness
face,1,Face to Face Customer Service
facebook,1,Digital Marketing Facebook
fact,1,Customer Centricity
factors,1,Managing customer expectations
fast,1,Proactivity
feedback,1,Giving Constructive Feedback
file explorer,1,Make a Deep Friendship with your Windows 10 Computer
file manipulation,1,PHP 2020 File and Error Handling
files,1,Visual Basic Advanced Custom Controls
filing,1,Office Filling
filing procedures,1,Office Filling
films,1,Adobe Animate CC 2019 Learn How to Make your Character Moves
filtering,1,Advanced Excel
final,1,03 D Max Become an Expert in the Final Touches
finance,1,Basics of business finance
financial inclusion,1,Financial Inclusion
financial statements bookkeeping,1,Introduction to Accounting
first,1,The first 100 Days Magnet Plan
first android,1,Publish your First Android Studio Project
first days,1,The first 100 Days Magnet Plan
fit,1,Interviewing Skills
flexibility,1,Flexibility and Adaptability
flexibility adaptability,1,Flexibility and Adaptability
flow,1,Basics of business finance
focus,1,Setting SMART Objectives and Planning
follow,1,Lead Yourself
following,1,The psychology of selling
font,1,Go Through Word 2019
food,1,HACCP principles and application
form communication,1,Body Language Fundamentals
formulas,1,Excel Formulas and Functions
fostering,1,Team Dynamics
framework,1,Python Web Programming
full change,1,Introduction to Digital Transformation
functions unity,1,Essential Unity Controls 1
future,1,Building business relationships
game development,1,Unity Basics
games,1,Essential Unity Controls 1
get ready,1,WordPress Plugins
give,1,Anger and Stress
giving,1,Giving Constructive Feedback
go,1,Leading at the Speed of Trust
good health,1,Healthy Living
google,1,Digital Marketing Google and Twitter Platforms
governance startups,1,Corporate Governance for Startups
graphs,1,Advanced Excel
great,1,Presentation Skills for Managers
grouping,1,MySQL Advances
grouping data,1,MySQL Advances
growing,1,Shifting Focus from Team Member to Team Leader
growth,1,Growth Hacking
growth hacking,1,Growth Hacking
haccp,1,HACCP principles and application
haccp principles,1,HACCP principles and application
hacking operations,1,Hacking White Hat Tools
hajj,1,Experiencing Hajj
happiness,1,The Art of Happiness
harassment,1,Sexual Harassment in Workplace
has way,1,Advanced Interpersonal Skills
hazard,1,HACCP principles and application
hazard analysis,1,HACCP principles and application
he,1,Customer Service Career
health wellness,1,Anger and Stress
healthy,1,Healthy Living
helps,1,Building business relationships
hero,1,Be a MYSQL Hero
him,1,Sales Prospects
hiring,1,Introduction to talent acquisition
his,1,Customer Service First Call Resolution
html css,1,C 2019 ASPNet
human,1,Human Development and Behavior
human development,1,Human Development and Behavior
human development behavior,1,Human Development and Behavior
hygiene policies,1,Designing workplace hygiene policies
hygiene principles,1,Overview of hygiene principles
iframes,1,HTML Advanced Techniques
iframes pop-ups,1,HTML Advanced Techniques
ifs,1,Hacking Start your White Hat Path
image,1,Practice Android Studio 2017
images,1,Adobe InDesign Advanced Techniques
immersive,1,Unity Basics
impact,1,Sell Yourself and Idea Personal Branding
important,1,Building business relationships
inclusion,1,Financial Inclusion
incorporating,1,Revit 2020Lasting Buildings
individual,1,Work life Balance
individuals can,1,Critical Thinking
inheritance,1,Python Oriented Programming OOP
inner,1,The Art of Happiness
innovation,1,Creativity and Innovation
instruction,1,After Effects 2019 Essentials
integration railing,1,Revit 2020Simple Steps to Create Splendid Stairs
integrity,1,Launch Your MySQL Powers
intelligence,1,Emotional Intelligence
internal controls,1,Risk Management and internal controls
internal external,1,Managing key stakeholders
internal external stakeholders,1,Managing key stakeholders
interviewing,1,Interviewing Skills
interviews,1,How To Pass An Interview
intricate,1,Adobe Illustrator Advanced Techniques
iot,1,IoT and Big Data
iot big,1,IoT and Big Data
iot big data,1,IoT and Big Data
ip,1,Introduction to Networks 1
issues,1,Sexual Harassment in Workplace
jobs,1,Customer Service Career
join,1,Adobe Animate CC 2019 for Beginners
kanban,1,Basics of Scrum and Kanban
keep system,1,Make a Deep Friendship with your Windows 10 Computer
key,1,Corporate Governance for Startups
keylogger,1,Hacking Create your Own Keylogger
keyloggers,1,Hacking Create your Own Keylogger
kick start career,1,Kick Start Your Career
landscape,1,Agile in Business
langchain,1,The Art and Science of Prompt Engineering
languages,1,C 2019 ASPNet
lateral,1,Lateral Thinking
lateral thinking,1,Lateral Thinking
lateral thinking concerned,1,Lateral Thinking
launch,1,Launch Your MySQL Powers
launch mysql,1,Launch Your MySQL Powers
layer,1,Practice your Autocad Skills
layouts,1,HTML Advanced Techniques
lead,1,Project Management Fundamentals
lead projects,1,Project Management Fundamentals
leader success,1,Shifting Focus from Team Member to Team Leader
leader success all,1,Shifting Focus from Team Member to Team Leader
leaders,1,Lead Your Company to Winning
leadership excellence,1,Lead Your Company to Winning
leadership influence,1,leadership and influence
leadership skills,1,Leadership Skills
less,1,Speed Reading
let,1,PHP 2020 Basics
level,1,Transition to Senior Management
listen,1,Improve your listening skills
listening,1,Improve your listening skills
live,1,Sustainability Principles and Sustainability in Business
live green initiative,1,Risk and Crisis Management Environmental Awareness
live respectful,1,Sustainability Principles and Sustainability in Business
live-action,1,Adobe Animate CC 2019 Learn How to Make your Character Moves
lives,1,Social Media for Job Prospecting
lives makes,1,Building business relationships
llms designed,1,The Art and Science of Prompt Engineering
load principles,1,Basics of Cognitive Psychology
local,1,Managing Change
local global,1,Managing Change
logical illogical,1,Customer Service First Call Resolution
logical thinking,1,Logical Thinking
logical thinking wearing,1,Logical Thinking
logically wear perfect,1,Logical Thinking
logistics,1,Basics of Logistics and Transportation
logistics transportation,1,Basics of Logistics and Transportation
logistics transportation accounting,1,Basics of Logistics and Transportation
longer futuristic concept,1,AI in Everyday life
looking brush,1,Introduction to Visual Basic
looking deepen,1,AI in Everyday life
looking optimize,1,Introduction to Supply Chain Management
looking presentation designed,1,PowerPoint Professional Looking Presentation
looking take,1,Presentation Skills for Managers
looking understand,1,Cloud Computing Fundamentals & Practices
looks,1,Leading at the Speed of Trust
loop statements,1,PHP 2020 Basics
loops even,1,JavaScript Basics
loops giving,1,PHP 2020 Basics
loops whether,1,JavaScript Basics
lorawan,1,IoT and Big Data
lorawan understand,1,IoT and Big Data
lot,1,Managing Remote Teams
lot structure feelings,1,Managing Remote Teams
love so need,1,Time Management
lower letter,1,Hacking Create your Own Keylogger
lower stress,1,Increasing Productivity and Time Management
loyal ones,1,Face to Face Customer Service
loyalty not,1,Working With Upset Customers
macros,1,Go Through Word 2019
mad,1,Effective Complaint Handling Skills
made especially,1,How To Pass An Interview
magnet,1,Customer Magnet
mail merge,1,Go Through Word 2019
mailings macros,1,Go Through Word 2019
main bases found,1,Sell with Stories
main platform using,1,Digital Marketing Youtube
main purpose,1,Sustainability in Corporates
major social,1,Social Media Marketing Basics
make able,1,How To Pass An Interview
make best,1,Interviewing Skills
make best fit,1,Interviewing Skills
make decision,1,Code of Ethics and Corporate Governance
make decisions,1,JavaScript Basics
make design,1,Adobe Illustrator Make Your Design Looks Great
make every moment,1,Time Management
make new,1,Photoshop Tools and Layers
make new design,1,Photoshop Tools and Layers
make real,1,The Art of Happiness
make right,1,Lead Yourself
make right decisions,1,Lead Yourself
make show attractive,1,PowerPoint Professional Looking Presentation
make strong,1,Team building
make strong cooperating,1,Team building
make successful,1,Learn and Master Sales
make yourself,1,The first 100 Days Magnet Plan
making business,1,Ethical Decision Making in Business
making cells,1,Excel Essential Training
making decisions grounded,1,Data-Drive Decision Making
making impact,1,Advanced Interpersonal Skills
manage,1,How to Manage Your Manager
manage pages,1,Adobe InDesign Essentials
manage pay,1,Digital Marketing Facebook
manage pay ads,1,Digital Marketing Facebook
manage reputation,1,How to Manage Your Manager
manage secure self-hosted,1,Build a Stronger WordPress Website
management addressing,1,Operational Risk
management ar,1,Stress Management (AR)
management ar stress,1,Stress Management (AR)
management best,1,Transition to Senior Management
management can reach,1,Time Management
management delve strategic,1,Performance Management
management environmental awareness,1,Risk and Crisis Management Environmental Awareness
management internal,1,Risk Management and internal controls
management internal controls,1,Risk Management and internal controls
management introduce principles,1,Project Management Fundamentals
management inventory,1,Operations Management for Startups
management milestone,1,Emotion Management
management milestone journey,1,Emotion Management
management planning,1,Risk Management
management preparedness,1,Risk and Crisis Management Environmental Awareness
management projects,1,Visual Basic Database Concepts
management provides,1,Procurement and Supplier Management
management remote teams,1,Managing Remote Teams
management scenarios,1,Basics of Scrum and Kanban
management supply,1,Risk Management in Supply Chain
management supply chain,1,Risk Management in Supply Chain
management sustainability,1,Introduction to Supply Chain Management
manager hone,1,Flexibility and Adaptability
manager remote teams,1,Managing Remote Teams
manager simply,1,Social Psychology Fundamentals
manager what,1,Transition to Senior Management
managerial,1,How to manage your managers
managers,1,How to manage your managers
managers focus,1,How to manage your managers
managers provides,1,How to manage your managers
managing change,1,Managing Change
managing customer,1,Managing customer expectations
managing key,1,Managing key stakeholders
managing relationship,1,How to manage your managers
managing remote,1,Managing Remote Teams
managing stream,1,Python Oriented Programming OOP
managing waste,1,Introduction To Waste Management In Egypt
manger,1,Transition to Senior Management
manipulate,1,JavaScript Regular Expressions and Drawing
manipulate drawings,1,Introduction to AutoCAD
manipulate tables,1,Go Through Word 2019
manipulating fonts,1,CSS Basics
manipulating walls,1,Revit 2020 Create Walls of Armor
manipulation movement,1,Unity Basics
manipulation streams,1,Python Oriented Programming OOP
manner,1,C 2019 Essentials
manner start,1,C 2019 Essentials
manner start exploring,1,C 2019 Essentials
many ethical,1,Business Ethics
maps,1,Publish your First Android Studio Project
market,1,Market Research
market leaders who,1,Digital Transformation
market products,1,Digital Marketing Introduction
market products websites,1,Digital Marketing Introduction
market research,1,Market Research
market video main,1,Digital Marketing Youtube
market whether,1,How companies operate
marketing automation,1,Digital Marketing Automation
marketing facebook,1,Digital Marketing Facebook
marketing facebook here,1,Digital Marketing Facebook
marketing google twitter,1,Digital Marketing Google and Twitter Platforms
marketing know,1,Digital Marketing Introduction
marketing know begin,1,Digital Marketing Introduction
marketing massive,1,Market Research
marketing strategies,1,Digital Marketing Advanced Marketing Strategies
marketing using,1,Digital Marketing Google and Twitter Platforms
marketing using google,1,Digital Marketing Google and Twitter Platforms
marketing youtube,1,Digital Marketing Youtube
marketing youtube market,1,Digital Marketing Youtube
marketplace,1,Sell Yourself and Idea Personal Branding
markets,1,Market Research
massive field,1,Market Research
master access,1,Master Access 2019 Advanced
master bootstrap,1,HTML Web Design Tools
master bootstrap seamless,1,HTML Web Design Tools
master creation,1,C 2019 Essentials
master loop,1,PHP 2020 Basics
master skill,1,Communication Skills
master skill soft,1,Communication Skills
mastered photoshop,1,Advanced Photoshop Shapes and Tools
mastering bring ideas,1,03 D Max Hologram Design
mastering deep,1,C 2019 ObjectOriented Programming
mastering max,1,Lets Practice 3D Max
mastering object,1,Unity Basics
mastering respective,1,CSS Basics
mastering revit,1,Revit 2020Get Started
mastery technology applications,1,Getting Started with Word 2019
matrix time,1,Effective Time Management
max equipped,1,03 D Max Start Creating your Own Project Material
max equipping,1,Start with 3D Max
max hologram,1,03 D Max Hologram Design
max hologram design,1,03 D Max Hologram Design
max projects,1,03 D Max Become an Expert in the Final Touches
max projects professional,1,03 D Max Become an Expert in the Final Touches
max series designed,1,03 D Max Hologram Design
max start,1,03 D Max Start Creating your Own Project Material
max throughout,1,03 D Max Hologram Design
max throughout embark,1,03 D Max Hologram Design
max unleashing,1,Lets Practice 3D Max
max upon,1,Start with 3D Max
maximise,1,Customer Centricity
maximize,1,Digital Marketing Automation
maximum level success,1,Digital Transformation
may find,1,Learn and Master Sales
mean,1,Success Recipe to Become a Star
mean boss,1,How to Manage Your Manager
meaningful innovation organizations,1,Digital Transfomation Frameworks
meaningful relationships more,1,Emotion Management
means different,1,Success Recipe to Become a Star
means different things,1,Success Recipe to Become a Star
means workplace,1,Managing Change
measurement objects,1,Be an Autocad Artist Autocad Drawing 1
measurement tools,1,Operations Management for Startups
measures personal,1,Overview of hygiene principles
mechanisms compares,1,Basics of Cognitive Psychology
media marketing,1,Social Media Marketing Basics
media sites,1,The Psychology of Internet Addiction
meet where help,1,JavaScript Basics
meeting,1,Business Office Etiquette
meeting grabbing,1,Business Office Etiquette
member engaging concepts,1,Team Dynamics
members,1,Giving Constructive Feedback
members team,1,Building First Impression
members team could,1,Building First Impression
memory,1,Basics of Cognitive Psychology
memory models,1,Basics of Cognitive Psychology
mental,1,Introduction to Mental health
mental emotional,1,Enhancing Resilience
mental health,1,Introduction to Mental health
mental health foundational,1,Introduction to Mental health
mental health mental,1,Introduction to Mental health
merging connecting,1,03 D Max Master Creating your Own Project Material
merging regions,1,Revit 2020 Create Walls of Armor
messages creating,1,Android Studio 2017 Essentials
met dynamic,1,Advanced Interpersonal Skills
method,1,C 2019 ObjectOriented Programming
method overriding,1,C 2019 ObjectOriented Programming
methodologies students,1,Basics of Scrum and Kanban
microphone,1,Support Your Android Sensors
microsoft access,1,Access 2019 Essentials
microsoft edge,1,Access the Worlds Windows Microsoft Edge
milestone,1,Emotion Management
milestone journey,1,Emotion Management
milestone journey control,1,Emotion Management
mindset development,1,Sexual Harassment in Workplace
mindset fostering effective,1,Team Dynamics
mindset geared,1,Analytical skills
miss chance,1,Adobe InDesign Advanced Techniques
mission following what,1,The psychology of selling
mission perfect,1,Team building
mission perfect well-organized,1,Team building
mitigate,1,Operational Risk
mobile,1,Support Your Android Sensors
model,1,JavaScript BOM DOM
model organization,1,Code of Ethics and Corporate Governance
modeling creating,1,Lets Practice 3D Max
modeling process designed,1,Visual Basic Modeling Process
modeling projects,1,03 D Max Start Creating your Own Project Material
models confidence,1,Autocad 3D Be the Embodied Hero
models confidence graphic,1,Autocad 3D Be the Embodied Hero
models digital,1,Digital Business Models
models digital business,1,Digital Business Models
models evaluates,1,Basics of Cognitive Psychology
models llms,1,The Art and Science of Prompt Engineering
models well,1,Autocad 3D Be the Embodied Hero
modifications importing,1,Revit 2020 Create Walls of Armor
modifiers,1,03 D Max Start Creating your Own Project Material
modifiers development,1,C 2019 ObjectOriented Programming
modify login,1,Build a Stronger WordPress Website
modules familiarise,1,Revit 2020Get Started
more achieving success,1,Success Recipe to Become a Star
more career,1,How to make it in the corporate world
more career development,1,How to make it in the corporate world
more confidence,1,Emotion Management
more confidence yourself,1,Emotion Management
more efficiently attend,1,Creativity and Innovation
more inline,1,HTML Essentials
more less,1,Effective Time Management
more open,1,Customer Magnet
more productive,1,Work life Balance
more projects programming,1,C 2019 Essentials
more strategic,1,Data-Drive Decision Making
more sustainable,1,Sustainable Development Goals
more things,1,Increasing Productivity and Time Management
more waste deal,1,Introduction To Waste Management In Egypt
moreover delve making,1,Excel Essential Training
moreover emphasises,1,Business Acumen
most important marketing,1,Digital Marketing Google and Twitter Platforms
most important thing,1,Customer Service First Call Resolution
most important tool,1,Adobe InDesign Essentials
most life,1,Anger and Stress
most life anger,1,Anger and Stress
most organizations,1,Managing Change
most widely,1,Basics of Scrum and Kanban
mostly,1,The Twenties Journey
motion tracking,1,After Effects 2019 Advanced Techniques
motivation clear,1,Setting SMART Objectives and Planning
move energy concepts,1,Fundamentals of renewable energy
move two,1,Managing Change
move two steps,1,Managing Change
movement additionally,1,Unity Basics
movement captivating,1,Advanced Photoshop Shapes and Tools
movies,1,Adobe Animate CC 2019 Learn How to Make your Character Moves
much customers,1,Spin Selling
much important,1,Sell with Stories
multicultural,1,Cross-cultural communication
multicultural contexts,1,Cross-cultural communication
multicultural contexts general,1,Cross-cultural communication
multimedia,1,HTML Advanced Techniques
multimedia integration,1,HTML Advanced Techniques
multimodal,1,The Art and Science of Prompt Engineering
multiple,1,PHP 2020 OOP
multiselection,1,Revit 2020 Become a BIM Artist
multiselection applying,1,Revit 2020 Become a BIM Artist
must,1,The Art of Happiness
must life,1,The Art of Happiness
must paid,1,The Psychology of Internet Addiction
must presentation,1,Presentation Skills Basics
mvc,1,Advanced PHP 2020
mysql advances,1,MySQL Advances
mysql hero,1,Be a MYSQL Hero
mysql hero data,1,Be a MYSQL Hero
mysql-php integration,1,PHP 2020 Database
natural,1,Natural Learning Processing (NLP)
natural language,1,Natural Learning Processing (NLP)
natural processing,1,Natural Learning Processing (NLP)
naturally some,1,Presentation Skills for Managers
navigate autocad,1,Introduction to AutoCAD
navigate uncertainty,1,Risk Management
navigating challenges,1,Enhancing Resilience
navigating professional,1,Emotional Intelligence
necessary craft,1,Unity Basics
necessary evaluating,1,Introduction to Corporate Governance
necessary navigate,1,Ethical Decision Making in Business
necessary tools excel,1,Revit 2020Get Started
need,1,Presentation Skills for Managers
need accountable,1,Accountability
need accountable person,1,Accountability
need attend us,1,Time Management
need have,1,Presentation Skills for Managers
need hone,1,Presentation Skills for Managers
need join,1,Business Office Etiquette
need join us,1,Business Office Etiquette
need make,1,The first 100 Days Magnet Plan
need self-awareness,1,Self Awareness
need success,1,Customer Centricity
need watch,1,Speed Reading
need watch personal,1,Speed Reading
needed drive,1,Digital Transfomation Frameworks
needed navigate excel,1,Introduction to Supply Chain Management
needed turn,1,Working With Upset Customers
needed write,1,Business Email Writing
needed write professional,1,Business Email Writing
needs,1,Sales Principles
needs know,1,Customer Service Basics
needs know qualifications,1,Customer Service Basics
needs programming,1,WordPress Your First Steps to Be a FullStack Developer
needs ways,1,Customer Service Over The Phone
negative effects,1,Stress Management (AR)
negative effects personal,1,Stress Management (AR)
negative point,1,Dealing with Criticism
negative point passing,1,Dealing with Criticism
negotiating,1,Advanced Strategic Negotiation Skills
negotiating conditions,1,Advanced Strategic Negotiation Skills
negotiating conditions sale,1,Advanced Strategic Negotiation Skills
negotiation,1,Advanced Strategic Negotiation Skills
negotiation skills,1,Advanced Strategic Negotiation Skills
negotiation skills designed,1,Advanced Strategic Negotiation Skills
negotiation skills strategic,1,Advanced Strategic Negotiation Skills
nested,1,Hacking Start your White Hat Path
nested ifs,1,Hacking Start your White Hat Path
network,1,Introduction to Networks 1
network layers,1,Introduction to Networks 1
network theory,1,Neural networks
networking,1,Introduction to Networks 1
networking starting conversations,1,Advanced Interpersonal Skills
networks covering,1,Neural networks
networks provides,1,Neural networks
neural,1,Neural networks
neural network,1,Neural networks
neural networks,1,Neural networks
neural networks provides,1,Neural networks
never available,1,How to Manage Your Manager
new design,1,Photoshop Tools and Layers
new design graphic,1,Photoshop Tools and Layers
new domain,1,Transition to Senior Management
new fields,1,Introduction To Waste Management In Egypt
new heights sales,1,Sales Principles
new models,1,Shifting Focus from Team Member to Team Leader
new skills,1,Digital Transformation
new skills support,1,Digital Transformation
new topic,1,AI in Everyday life
new ways,1,Creativity and Innovation
new yourself,1,Self Awareness
newcomers,1,Revit 2020 Become a BIM Artist
newcomers revit,1,Revit 2020 Become a BIM Artist
newest,1,Access the Worlds Windows Microsoft Edge
newest web,1,Access the Worlds Windows Microsoft Edge
newspapers ebooks teaches,1,Adobe InDesign Essentials
niche,1,Growth Hacking
nlp,1,Natural Learning Processing (NLP)
nlp designed,1,Natural Learning Processing (NLP)
nlp natural,1,Natural Learning Processing (NLP)
nlp tools,1,Natural Learning Processing (NLP)
nlp tools general,1,Natural Learning Processing (NLP)
no worries,1,Kick Start Your Career
no worries got,1,Kick Start Your Career
not addition way,1,Dealing with Criticism
not offer,1,Detecting Forgery and Counterfeiting
nothing enhancing,1,Office Filling
nothing happens,1,The psychology of selling
novice experienced user,1,Go Through Word 2019
novice looking,1,Getting Started with Word 2019
novice programmer,1,C 2019 ObjectOriented Programming
now banking skills,1,Fraud Forgery
now don,1,Adobe InDesign Advanced Techniques
now start journey,1,Financial Inclusion
nuanced application,1,Revit 2020 Create Walls of Armor
nuances database,1,Master Access 2019 Advanced
nuances emotions,1,Emotional Intelligence
nuances lighting,1,Essential Unity Controls 1
nuances linking,1,CSS Basics
nuclear,1,Fundamentals of renewable energy
null,1,MySQL Kick Start Your Career in Databases
object,1,JavaScript BOM DOM
object model,1,JavaScript BOM DOM
object-oriented,1,C 2019 ObjectOriented Programming
object-snap tools,1,Be an Autocad Artist Autocad Drawing 1
objectives manage,1,Digital Transfomation Frameworks
objects conclusion,1,Autocad 3D Be the Embodied Hero
objects game,1,Unity Basics
objects space,1,03 D Max Hologram Design
obstacle,1,Customer Service First Call Resolution
obstacles encounter,1,Creativity and Innovation
obstacles soft,1,Team building
obstacles soft skills,1,Team building
ocean wide,1,Market Research
offer encouragement,1,Developing Empathy
offers,1,Advanced Excel
offers becoming,1,Sales Principles
offers digital,1,Digital Marketing Automation
offers guidance elevate,1,PowerPoint Beginnings
offers invaluable user,1,Revit 2020Get Started
offers world,1,IoT and Big Data
office,1,Office Filling
office etiquette,1,Business Office Etiquette
office etiquette creating,1,Business Office Etiquette
office filing,1,Office Filling
office filing procedures,1,Office Filling
office human,1,Developing Civility at Work
office human resources,1,Developing Civility at Work
often us,1,Social Psychology Fundamentals
on-page off-page,1,WordPress Earn from What you Learn
one factors,1,Team Work
one factors behind,1,Team Work
one market leaders,1,Digital Transformation
one prominent choice,1,WordPress Your First Steps to Be a FullStack Developer
ones customer service,1,Face to Face Customer Service
online,1,WordPress Earn from What you Learn
online shopping,1,The Psychology of Internet Addiction
only,1,Introduction To Waste Management In Egypt
only have,1,Advanced Photoshop Shapes and Tools
only resolve,1,Working With Upset Customers
onsite,1,Basic Teamwork and Collaboration
onsite remotely empowers,1,Basic Teamwork and Collaboration
open others,1,Customer Magnet
open-ended questions,1,Developing Empathy
operating,1,Get Closer to your Windows 10 Computer
operating system,1,Get Closer to your Windows 10 Computer
operational,1,Operational Risk
operational efficiency general,1,Risk Management and internal controls
operational risk,1,Operational Risk
operational risk management,1,Operational Risk
operations embark,1,Hacking Basics of Computer Programming
operations management,1,Operations Management for Startups
operations management startups,1,Operations Management for Startups
operations manipulate,1,Autocad 3D Be the Embodied Hero
operations pertinent,1,Hacking Basics of Computer Programming
operations real-world scenarios,1,Hacking White Hat Tools
operations serving,1,Hacking White Hat Tools
operators,1,Python Basics 2020
operators implement,1,Python Basics 2020
opinion,1,Social Media for Job Prospecting
opinion internet,1,Social Media for Job Prospecting
opportunity strengthen,1,Access 2019 Essentials
opportunity unleash,1,JavaScript Basics
optimal solution ethical,1,Business Ethics
optimisation,1,WordPress Earn from What you Learn
optimisation enhance,1,WordPress Earn from What you Learn
optimising workspace,1,Introduction to AutoCAD
optimization supply,1,Supply Chain Analytics
optimize resources drive,1,Operations Management for Startups
options ensure,1,Getting Started with Word 2019
options nuclear,1,Fundamentals of renewable energy
organisation confidence,1,Performance Management
organisational needs,1,Business Acumen
organisational success,1,Operational Risk
organised professional-grade,1,Visual Basic Modeling Process
organization,1,Code of Ethics and Corporate Governance
organization do,1,Code of Ethics and Corporate Governance
organization need,1,Code of Ethics and Corporate Governance
organization practicing,1,Developing Empathy
organization well,1,Workplace Diversity
organizational contexts,1,Introduction to Corporate Governance
organizational data general,1,Cybersecurity Essentials
organizational settings,1,leadership and influence
organizations,1,Digital Transfomation Frameworks
organizations remain,1,Digital Transfomation Frameworks
organizations today,1,Managing Change
organized leader,1,Building First Impression
organized leader get,1,Building First Impression
organizing managing,1,Personal Effectiveness
orthomode polar,1,Be an Autocad Artist Autocad Drawing 1
other,1,Body Language Fundamentals
other color,1,Adobe Illustrator Advanced Techniques
other hand,1,Employees Rights and Responsibilities
other hand ethical,1,Business Ethics
other hand were,1,Employees Rights and Responsibilities
others attention,1,Business Office Etiquette
others eyes,1,Self Awareness
others eyes health,1,Self Awareness
others feelings,1,Customer Magnet
others has,1,Advanced Interpersonal Skills
others need,1,Presentation Skills for Managers
others whole,1,Improve your listening skills
others whole conversation,1,Improve your listening skills
ourselves strengths,1,Self Awareness
out above rest,1,WordPress Your First Steps to Be a FullStack Developer
out general,1,Effective Time Management
out office,1,Developing Civility at Work
outcomes less,1,Speed Reading
outcomes less than,1,Speed Reading
output seamlessly,1,Adobe Primere The Utimate Guide
outs operators,1,PHP 2020 Basics
outside box,1,Creativity and Innovation
outside box come,1,Creativity and Innovation
outside traditional,1,Working Remotely
overall well-being general,1,Introduction to Mental health
overcome any,1,Team building
overcome stress,1,Anger and Stress
overcome stress life,1,Anger and Stress
overcome them,1,Cross-cultural communication
overcoming negative,1,Stress Management (AR)
overcoming negative effects,1,Stress Management (AR)
overcoming procrastination,1,Attention To Details
overwhelming however sheds,1,WordPress Your First Steps to Be a FullStack Developer
own,1,Android Studio Build Your Own APK
own apk,1,Android Studio Build Your Own APK
owners investors financial,1,Exit Strategies and Business Valuation
packing necessary,1,Experiencing Hajj
pages create,1,Digital Marketing Facebook
pages create manage,1,Digital Marketing Facebook
pages intricacies,1,CSS Basics
pages work,1,Adobe InDesign Essentials
paintbrush,1,Adobe Illustrator Make Your Design Looks Great
panel,1,Adobe Illustrator Make Your Design Looks Great
panels,1,Adobe Illustrator Essentials
panels finally,1,Adobe InDesign Essentials
panels graphic,1,Adobe Illustrator Essentials
panels graphic design,1,Adobe Illustrator Essentials
paragraph alignment,1,Go Through Word 2019
paragraphs,1,WordPress Your First Steps to Be a FullStack Developer
part being,1,Influence Persuasion
part every,1,Setting SMART Objectives and Planning
part goals,1,Business Office Etiquette
part project,1,Managing key stakeholders
part success manager,1,Managing Remote Teams
particularly true,1,Healthy Living
partner,1,Communication Skills
partner any,1,Communication Skills
pass,1,How To Pass An Interview
pass most,1,Digital Marketing Google and Twitter Platforms
pass most important,1,Digital Marketing Google and Twitter Platforms
pass selling cycle,1,Spin Selling
passing soft,1,Dealing with Criticism
passing soft skills,1,Dealing with Criticism
password attacks,1,Build a Stronger WordPress Website
past financial mistakes,1,Basics of business finance
paths,1,Adobe Illustrator Advanced Techniques
paths shapes,1,Adobe Illustrator Advanced Techniques
pathway word,1,Getting Started with Word 2019
pay ads,1,Digital Marketing Facebook
pay ads marketing,1,Digital Marketing Facebook
pdo,1,PHP 2020 Database
peace,1,The Art of Happiness
people future,1,Sustainability in Corporates
people know,1,How to make it in the corporate world
people love so,1,Time Management
people out,1,Developing Civility at Work
people society,1,The psychology of selling
people whether,1,Fraud Forgery
people who already,1,Business Writing
perceptrons activation,1,Neural networks
perfect hat thinking,1,Logical Thinking
perfect well-organized,1,Team building
perfect well-organized team,1,Team building
perform,1,Experiencing Hajj
perform hajj smoothly,1,Experiencing Hajj
perform operations,1,Python Basics 2020
perform repetitive,1,PHP 2020 Basics
perform sacred,1,Experiencing Hajj
performance appraisal,1,Performance Management
performance empowering,1,Performance Management
performance management,1,Performance Management
performance management delve,1,Performance Management
performance measurement,1,Operations Management for Startups
performance overall,1,Procurement and Supplier Management
performing union,1,Autocad 3D Be the Embodied Hero
period need,1,The first 100 Days Magnet Plan
periods confusion,1,The Twenties Journey
person,1,Advanced Interpersonal Skills
person attention,1,The Psychology of Internet Addiction
person impact,1,Accountability
person impact whole,1,Accountability
person leave,1,Face to Face Customer Service
personal branding,1,Sell Yourself and Idea Personal Branding
personal development,1,Proactivity
personal effectiveness,1,Personal Effectiveness
personal effectiveness organizing,1,Personal Effectiveness
personal life,1,Personal Effectiveness
personal life kind,1,Personal Effectiveness
personal organizational,1,Cybersecurity Essentials
personal professional help,1,Accountability
personal professional life,1,Team Work
personal projects,1,Adobe Primere The Utimate Guide
personal relationship,1,Communication Skills
personal strengths areas,1,leadership and influence
personalize,1,Digital Marketing Automation
personalized education,1,AI in Everyday life
personalized optimization,1,Basics of Cognitive Psychology
personalized strategies,1,Effective Time Management
perspective awareness,1,Business Acumen
persuade others,1,Influence Persuasion
persuading,1,Spin Selling
persuasion,1,Influence Persuasion
persuasion skills,1,Influence Persuasion
pertinent,1,Hacking Basics of Computer Programming
phenomena,1,Introduction to Psychology
phenomena apply,1,Introduction to Psychology
phone teach,1,Customer Service Over The Phone
phones,1,Customer Service Over The Phone
phones easy,1,Customer Service Over The Phone
photo albums enhance,1,PowerPoint Beginnings
photos make new,1,Photoshop Tools and Layers
photoshop also,1,Advanced Photoshop Shapes and Tools
photoshop tool professionally,1,Photoshop Tools and Layers
photoshop tools layers,1,Photoshop Tools and Layers
php covers,1,Advanced PHP 2020
php database,1,PHP 2020 Database
php php,1,Advanced PHP 2020
pieces,1,Lateral Thinking
place sales,1,The psychology of selling
placement intricate,1,Revit 2020 Create Walls of Armor
placement measurement,1,Be an Autocad Artist Autocad Drawing 1
plan prioritize,1,Effective Time Management
planet,1,Sustainability Principles and Sustainability in Business
planet belief,1,Sustainability Principles and Sustainability in Business
planet have,1,Sustainability Principles and Sustainability in Business
planning,1,Risk Management
planning goals,1,Setting SMART Objectives and Planning
platform iot,1,Introduction to Digital Transformation
platform using,1,Digital Marketing Youtube
platform using best,1,Digital Marketing Youtube
platforms enable,1,Digital Marketing Google and Twitter Platforms
platforms enable pass,1,Digital Marketing Google and Twitter Platforms
platforms like,1,Digital Marketing Advanced Marketing Strategies
player achieve,1,Team Work
player achieve success,1,Team Work
player immersion,1,Essential Unity Controls 1
player team,1,Communication Skills
playing,1,Lateral Thinking
plays,1,Digital Transformation in Supply Chain
plugins,1,WordPress Plugins
plugins like,1,WordPress Plugins
plus immersive,1,Revit 2020 Rendering Show off your Fabulous work
point changing,1,Face to Face Customer Service
point journey,1,Hacking White Hat Tools
point life,1,The Twenties Journey
point oop,1,Advanced JavaScript
point passing,1,Dealing with Criticism
point passing soft,1,Dealing with Criticism
point where,1,Customer Centricity
points,1,HACCP principles and application
policies,1,Designing workplace hygiene policies
policies workplace,1,Designing workplace hygiene policies
polished edited,1,Adobe Primere The Utimate Guide
polished presentation whether,1,PowerPoint Beginnings
pollution,1,Introduction To Waste Management In Egypt
pop-ups,1,HTML Advanced Techniques
popular integrated,1,Python Basics 2020
position begin,1,Customer Centricity
position enough know,1,Learn and Master Sales
positions way,1,Developing Civility at Work
positive,1,Giving Constructive Feedback
possess expertise,1,Essential Unity Controls 1
possess max,1,Start with 3D Max
possess robust,1,03 D Max Master Creating your Own Project Material
possession documents,1,Detecting Forgery and Counterfeiting
possibilities managing,1,Master Access 2019 Advanced
possibilities managing analysing,1,Master Access 2019 Advanced
possibilities visual,1,Introduction to Visual Basic
post get,1,Advanced PHP 2020
postgraduate,1,How companies operate
postgraduate job,1,How companies operate
potential,1,Lets Practice 3D Max
potential become,1,Presentation Skills for Managers
potential challenges during,1,Managing Remote Teams
potential land,1,Kick Start Your Career
potential land dream,1,Kick Start Your Career
potential max,1,Start with 3D Max
potential nuances,1,Master Access 2019 Advanced
potential soft skills,1,Working With Upset Customers
potential wordpress go-to,1,WordPress Your First Steps to Be a FullStack Developer
power illumination,1,Essential Unity Controls 1
power insights,1,CSS Basics
power platform,1,Introduction to Digital Transformation
power platform iot,1,Introduction to Digital Transformation
power true,1,Revit 2020 Rendering Show off your Fabulous work
powerful capabilities applications,1,Visual Basic Advanced Custom Controls
powerful tools,1,Access the Worlds Windows Microsoft Edge
powerpoint,1,PowerPoint Beginnings
powerpoint professional looking,1,PowerPoint Professional Looking Presentation
practice android,1,Practice Android Studio 2017
practice android studio,1,Practice Android Studio 2017
practice applying,1,Social Psychology Fundamentals
practice leadership,1,Leadership Skills
practice leadership skills,1,Leadership Skills
practices cybersecurity,1,Cybersecurity Essentials
practices engaging,1,Introduction to Sustainability
practices frameworks,1,Introduction to Corporate Governance
practices frameworks govern,1,Introduction to Corporate Governance
practices offers,1,Cloud Computing Fundamentals & Practices
practices offers structured,1,Cloud Computing Fundamentals & Practices
practices real-world,1,Introduction to Sustainability
practices science,1,Overview of hygiene principles
practices sustainability,1,Introduction to Sustainability
practices tools,1,Basics of Scrum and Kanban
practices various,1,Introduction to Corporate Governance
practicing preselection,1,Revit 2020 Become a BIM Artist
precision finesse graphic,1,03 D Max Start Creating your Own Project Material
precision possess,1,03 D Max Become an Expert in the Final Touches
preferences well-prepared,1,Introduction to AutoCAD
premiere,1,Adobe Primere The Utimate Guide
premiere empowers,1,Adobe Primere The Utimate Guide
premiere equipping,1,Adobe Primere The Utimate Guide
premiere indispensable tool,1,Adobe Primere The Utimate Guide
preparations journey,1,Experiencing Hajj
preparing career,1,Human Development and Behavior
preparing perform,1,Experiencing Hajj
preselection,1,Revit 2020 Become a BIM Artist
preselection multiselection,1,Revit 2020 Become a BIM Artist
presentation designed reach,1,PowerPoint Professional Looking Presentation
presentation equipped needed,1,HTML Essentials
presentation skills build,1,Presentation Skills Basics
presentation skills public,1,Presentation Skills And Public Speaking
presentation using animations,1,PowerPoint Professional Looking Presentation
presentations,1,PowerPoint Beginnings
presentations captivate audience,1,Revit 2020 Rendering Show off your Fabulous work
presets,1,After Effects 2019 Effects Presets
prevent password,1,Build a Stronger WordPress Website
prevent them,1,Detecting Forgery and Counterfeiting
preventing,1,Overview of hygiene principles
preventing spread,1,Overview of hygiene principles
preview,1,Adobe InDesign Formatting Books
principles designed,1,Overview of hygiene principles
principles designed provide,1,Overview of hygiene principles
principles digital,1,Digital Transformation
principles digital transformation,1,Digital Transformation
principles educational,1,Basics of Cognitive Psychology
principles hacking,1,Hacking Basics of Computer Programming
principles hygiene,1,Overview of hygiene principles
principles leadership,1,leadership and influence
principles operations serving,1,Hacking White Hat Tools
principles practices sustainability,1,Introduction to Sustainability
principles project management,1,Project Management Fundamentals
principles projects,1,Master The Animation in 3D Max
principles resilience,1,Enhancing Resilience
principles scrum,1,Basics of Scrum and Kanban
principles technologies,1,Cloud Computing Fundamentals & Practices
principles web design,1,WordPress Your First Steps to Be a FullStack Developer
print,1,Revit 2020 Intelligible Projects
printing,1,Practice your Autocad Skills
printing options,1,Adobe InDesign Formatting Books
priorities best,1,Personal Effectiveness
priorities goals,1,The Twenties Journey
priority,1,Sexual Harassment in Workplace
priority stands,1,Sexual Harassment in Workplace
pro where,1,Be a MYSQL Hero
pro-cutting,1,03 D Max Master Creating your Own Project Material
proactive mindset fostering,1,Team Dynamics
proactivity,1,Proactivity
proactivity fast,1,Proactivity
proactivity fast change,1,Proactivity
proactivity personal,1,Proactivity
proactivity personal development,1,Proactivity
problem solver,1,Customer Magnet
problems able think,1,Logical Thinking
problems collaboration adaptive,1,Flexibility and Adaptability
problems customer,1,Customer Service Over The Phone
problems customer service,1,Customer Service Over The Phone
problems systematically,1,Analytical skills
procedural landscapes,1,Office Filling
process,1,Art of Coaching
process design,1,Operations Management for Startups
process designed equip,1,Visual Basic Modeling Process
process know,1,Sell with Stories
process product could,1,Spin Selling
processes revit,1,Revit 2020 Create Walls of Armor
processing,1,Natural Learning Processing (NLP)
processing nlp,1,Natural Learning Processing (NLP)
procurement,1,Procurement and Supplier Management
procurement improve,1,Procurement and Supplier Management
procurement supplier,1,Procurement and Supplier Management
produce professional-grade,1,Adobe InDesign Advanced Techniques
producing part,1,Presentation Skills Basics
product,1,Market Research
product still,1,Learn and Master Sales
productive health,1,Work life Balance
productive health wellness,1,Work life Balance
productive team,1,Basic Teamwork and Collaboration
productivity,1,Advanced Excel
productivity equipped,1,Getting Started with Word 2019
productivity increases,1,Work life Balance
productivity reduce,1,Effective Time Management
productivity well-being personal,1,Developing Empathy
products,1,Digital Marketing Introduction
products websites,1,Digital Marketing Introduction
products websites could,1,Digital Marketing Introduction
professional behavior,1,Business Ethics and Etiquette
professional documents,1,Getting Started with Word 2019
professional excellence,1,Emotional Intelligence
professional goals,1,Business Acumen
professional help,1,Accountability
professional life skill,1,Team Work
professional looking,1,PowerPoint Professional Looking Presentation
professional looking presentation,1,PowerPoint Professional Looking Presentation
professional personal,1,Work life Balance
professional presentation using,1,PowerPoint Professional Looking Presentation
professional world,1,Basic Teamwork and Collaboration
professionalism have,1,Business Email Writing
professionalism work,1,Excel Essential Training
professionally edit photos,1,Photoshop Tools and Layers
professionals across all,1,Introduction to Digital Transformation
professionals developers,1,Cloud Computing Fundamentals & Practices
professionals recruiters,1,Introduction to talent acquisition
professionals understand,1,leadership and influence
proficiency data security,1,Visual Basic Database Concepts
proficiency empowering,1,Adobe InDesign Advanced Techniques
proficiency human,1,Performance Management
proficiency navigate,1,Start with 3D Max
proficiency seasoned,1,Getting Started with Word 2019
proficiency software geared,1,Revit 2020Get Started
proficiency tasks installing,1,Unity Basics
proficient edge,1,Access the Worlds Windows Microsoft Edge
proficient modeling,1,Start with 3D Max
profit,1,Basics of business finance
profitability opportunities,1,Workplace Diversity
profits even,1,Sustainability in Corporates
program inserting,1,C 2019 Essentials
programmer seeking,1,C 2019 ObjectOriented Programming
programming data,1,Visual Basic Database Concepts
programming files,1,Visual Basic Advanced Custom Controls
programming journey,1,Visual Basic Modeling Process
programming journey programming,1,Visual Basic Modeling Process
programming languages,1,C 2019 ASPNet
programs,1,Get Closer to your Windows 10 Computer
progress apply,1,Access 2019 Essentials
progress fundamental,1,Neural networks
progress mastering,1,After Effects 2019 Essentials
progression,1,Enhancing Resilience
progression topics,1,Enhancing Resilience
progressive structure allows,1,How to manage your managers
project before deadline,1,Time Management
project creation,1,Revit 2020 Become a BIM Artist
project management,1,Project Management Fundamentals
project material,1,03 D Max Master Creating your Own Project Material
project material offers,1,03 D Max Start Creating your Own Project Material
project materials,1,03 D Max Master Creating your Own Project Material
project sites,1,Revit 2020Lasting Buildings
projects bring,1,03 D Max Start Creating your Own Project Material
projects conclusion,1,03 D Max Master Creating your Own Project Material
projects customise,1,Android Studio 2017 Essentials
projects ease,1,Visual Basic Database Concepts
projects empower,1,Lets Practice 3D Max
projects have,1,Managing key stakeholders
projects life,1,Master The Animation in 3D Max
projects life stunning,1,Master The Animation in 3D Max
projects professional,1,03 D Max Become an Expert in the Final Touches
prominent choice wordpress,1,WordPress Your First Steps to Be a FullStack Developer
prompt,1,The Art and Science of Prompt Engineering
prompt engineering,1,The Art and Science of Prompt Engineering
prompting,1,The Art and Science of Prompt Engineering
proofing,1,Getting Started with Word 2019
properties,1,Revit 2020Simple Steps to Create Splendid Stairs
properties create intricate,1,Be an Autocad Artist Autocad Drawing 1
prospecting,1,Sales Prospects
prospects,1,Sales Prospects
prosperity imperatives responsible,1,Sustainable Development Goals
protect ourselves,1,Sustainability Principles and Sustainability in Business
protect yourself,1,Fraud Forgery
protection mechanisms,1,Hacking Create your Own Keylogger
proud,1,Success Recipe to Become a Star
proud life,1,Success Recipe to Become a Star
prove respected,1,Building First Impression
prove respected organized,1,Building First Impression
provide exit,1,Exit Strategies and Business Valuation
provide sense,1,Setting SMART Objectives and Planning
provide support,1,Developing Empathy
provides business,1,Business Ethics and Etiquette
provides exploration,1,Digital Transformation in Supply Chain
provides exploration role,1,Digital Transformation in Supply Chain
provides foundation forces,1,Human Development and Behavior
provides foundational adobe,1,After Effects 2019 Essentials
provides foundational principles,1,Introduction to Sustainability
provides fundamental,1,Cybersecurity Essentials
provides guide,1,Experiencing Hajj
provides in-depth fundamental,1,Basics of Scrum and Kanban
provides strategies,1,How to manage your managers
provides structured digital,1,Introduction to Digital Transformation
provides tools,1,Work life Balance
provides valuable,1,Project Management Fundamentals
prowess enroll now,1,Hacking Create your Own Keylogger
prowess foundational,1,CSS Basics
psychological concepts,1,Introduction to Psychology
psychological issues,1,Sexual Harassment in Workplace
psychology selling,1,The psychology of selling
psychology selling nothing,1,The psychology of selling
psychosocial theory,1,Human Development and Behavior
public,1,Presentation Skills And Public Speaking
public awareness..like,1,Sexual Harassment in Workplace
public speaking,1,Presentation Skills And Public Speaking
public speaking skills,1,Presentation Skills And Public Speaking
publications join,1,Adobe InDesign Advanced Techniques
publish,1,Publish your First Android Studio Project
publish first,1,Publish your First Android Studio Project
publish first android,1,Publish your First Android Studio Project
publishing,1,Publish your First Android Studio Project
purpose well-argued,1,Business Writing
purpose well-argued conform,1,Business Writing
pushed,1,Customer Centricity
pushed forward,1,Customer Centricity
python programming,1,Python Basics 2020
python syntax,1,Python Basics 2020
python web,1,Python Web Programming
qualifications best,1,Building First Impression
qualifications best leader,1,Building First Impression
qualifications specifications,1,Customer Service Basics
qualifications specifications related,1,Customer Service Basics
quality assurance,1,Operations Management for Startups
quality life,1,Risk and Crisis Management Environmental Awareness
quality life help,1,Risk and Crisis Management Environmental Awareness
quantitative methods,1,Data-Drive Decision Making
quarter-life crisis twentysomething,1,The Twenties Journey
queries,1,MySQL Kick Start Your Career in Databases
query,1,MySQL Advances
quick-start,1,Adobe Illustrator Essentials
quick-start example,1,Adobe Illustrator Essentials
quick-start example what,1,Adobe Illustrator Essentials
quickly,1,Serving Customers using Social Media
rag,1,The Art and Science of Prompt Engineering
railing,1,Revit 2020Simple Steps to Create Splendid Stairs
raise,1,Sexual Harassment in Workplace
raise controversy,1,Sexual Harassment in Workplace
random,1,Fraud Forgery
random people,1,Fraud Forgery
range drawing,1,Be an Autocad Artist Autocad Drawing 1
range operations,1,Hacking Basics of Computer Programming
rapport boss,1,How to Manage Your Manager
rapport customer,1,Sell with Stories
rcsa methodology,1,Operational Risk
re aiming,1,Business Acumen
re embarking,1,How companies operate
re equipped,1,Revit 2020Get Started
re looking refine,1,PowerPoint Beginnings
reading,1,Speed Reading
ready,1,Introduction to Visual Basic
real,1,The Art of Happiness
reason,1,Stress Management (AR)
reason behind,1,Stress Management (AR)
recruitment,1,Introduction to talent acquisition
recycle,1,Introduction To Waste Management In Egypt
regular,1,JavaScript Regular Expressions and Drawing
regular expressions,1,JavaScript Regular Expressions and Drawing
related,1,Customer Service Basics
relationship,1,Art of Coaching
relationships,1,Building business relationships
remote teams,1,Managing Remote Teams
remotely,1,Working Remotely
render,1,Revit 2020 Rendering Show off your Fabulous work
rendering,1,Revit 2020 Rendering Show off your Fabulous work
renewable,1,Fundamentals of renewable energy
renewable energy,1,Fundamentals of renewable energy
renewable energy systems,1,Fundamentals of renewable energy
required,1,Interviewing Skills
research,1,Market Research
reshaping,1,03 D Max Master Creating your Own Project Material
resilience,1,Enhancing Resilience
respect,1,Improve your listening skills
respond,1,Improve your listening skills
responsibilities,1,Employees Rights and Responsibilities
responsibility csr principles,1,Corporate Social Responsibility (CSR) Principles
resume,1,Attention To Details
revit rendering,1,Revit 2020 Rendering Show off your Fabulous work
right,1,AllStar Customer Service Team Leadership
rights,1,Employees Rights and Responsibilities
rights responsibilities,1,Employees Rights and Responsibilities
risk management internal,1,Risk Management and internal controls
risk management supply,1,Risk Management in Supply Chain
salespeople,1,The psychology of selling
salesperson,1,The psychology of selling
save,1,Sustainability Principles and Sustainability in Business
scrum,1,Basics of Scrum and Kanban
scrum kanban,1,Basics of Scrum and Kanban
seamless,1,Introduction to Networks 1
search,1,WordPress Earn from What you Learn
search engine,1,WordPress Earn from What you Learn
seasoned,1,Adobe Animate CC 2019 for Beginners
sector,1,Sustainability in Banking Sector
self-awareness,1,Self Awareness
self-hosted,1,Build a Stronger WordPress Website
senior,1,Transition to Senior Management
sensor,1,Support Your Android Sensors
sensors,1,Support Your Android Sensors
service career,1,Customer Service Career
session,1,PHP 2020 OOP
short,1,Growth Hacking
show,1,Improve your listening skills
simply,1,Leadership Skills
sites,1,Revit 2020Lasting Buildings
skills needed apply,1,Basics of Logistics and Transportation
skills public,1,Presentation Skills And Public Speaking
skills public speaking,1,Presentation Skills And Public Speaking
slides,1,PowerPoint Beginnings
smart,1,Setting SMART Objectives and Planning
social media marketing,1,Social Media Marketing Basics
social psychology,1,Social Psychology Fundamentals
social responsibility,1,Corporate Social Responsibility (CSR) Principles
soft,1,Improve your listening skills
soft skills,1,Improve your listening skills
solutions,1,C 2019 ObjectOriented Programming
some,1,The Psychology of Internet Addiction
speaking,1,Presentation Skills And Public Speaking
speaking skills,1,Presentation Skills And Public Speaking
speed,1,Speed Reading
spin,1,Spin Selling
spin selling,1,Spin Selling
spreadsheet,1,Excel Formulas and Functions
spreadsheet management,1,Excel Formulas and Functions
stair,1,Revit 2020Simple Steps to Create Splendid Stairs
stair modeling,1,Revit 2020Simple Steps to Create Splendid Stairs
stairs,1,Revit 2020Simple Steps to Create Splendid Stairs
stakeholders,1,Managing key stakeholders
start career databases,1,MySQL Kick Start Your Career in Databases
start out,1,Lateral Thinking
startup,1,Corporate Governance for Startups
startups,1,Corporate Governance for Startups
statements bookkeeping concepts,1,Introduction to Accounting
step,1,How to manage your managers
stored,1,Be a MYSQL Hero
stored procedures,1,Be a MYSQL Hero
stories,1,Sell with Stories
story,1,Sell with Stories
strategic negotiation,1,Advanced Strategic Negotiation Skills
strategic negotiation skills,1,Advanced Strategic Negotiation Skills
strategies business,1,Exit Strategies and Business Valuation
strategies business valuation,1,Exit Strategies and Business Valuation
streams,1,Python Oriented Programming OOP
strong,1,Sell Yourself and Idea Personal Branding
structural,1,Revit 2020Lasting Buildings
structural elements,1,Revit 2020Lasting Buildings
structures,1,03 D Max Master Creating your Own Project Material
studio project,1,Publish your First Android Studio Project
subqueries,1,MySQL Advances
success all,1,Shifting Focus from Team Member to Team Leader
success all growing,1,Shifting Focus from Team Member to Team Leader
successfully,1,Working Remotely
supplier,1,Procurement and Supplier Management
supplier management,1,Procurement and Supplier Management
supply chain analytics,1,Supply Chain Analytics
supply chain management,1,Introduction to Supply Chain Management
supply chain sustainability,1,Supply Chain Sustainability and CSR
support,1,Serving Customers using Social Media
support android,1,Support Your Android Sensors
support android sensors,1,Support Your Android Sensors
support team,1,AllStar Customer Service Team Leadership
supportive,1,Developing Empathy
sustainable development,1,Sustainable Development Goals
sustainable development goals,1,Sustainable Development Goals
switch,1,Hacking Start your White Hat Path
switch cases,1,Hacking Start your White Hat Path
systems,1,Fundamentals of renewable energy
tags,1,Revit 2020 Intelligible Projects
take,1,Leading at the Speed of Trust
talent,1,Introduction to talent acquisition
talent acquisition,1,Introduction to talent acquisition
talents,1,Kick Start Your Career
taskbar,1,Get Closer to your Windows 10 Computer
tasks,1,Increasing Productivity and Time Management
team dynamics,1,Team Dynamics
team members,1,Giving Constructive Feedback
teamwork,1,Basic Teamwork and Collaboration
teamwork collaboration,1,Basic Teamwork and Collaboration
text formatting graphic,1,Adobe InDesign Essentials
than,1,How to Manage Your Manager
than seconds,1,Speed Reading
than seconds really,1,Speed Reading
them also,1,Android Studio 2017 Essentials
them architect robust,1,Advanced JavaScript
them come relatively,1,Business Ethics
them detection,1,Hacking Create your Own Keylogger
them enhance,1,Cross-cultural communication
them exciting,1,Presentation Skills for Managers
them fear,1,Detecting Forgery and Counterfeiting
them finally apply,1,Risk and Crisis Management Environmental Awareness
them importance,1,Overview of hygiene principles
them necessary,1,Hacking Basics of Computer Programming
them personality,1,Master The Animation in 3D Max
them presets,1,After Effects 2019 Effects Presets
them real-world contexts,1,Cloud Computing Fundamentals & Practices
them real-world scenarios,1,Enhancing Resilience
them skills don,1,Kick Start Your Career
themselves functionalities,1,Revit 2020Get Started
themselves fundamental,1,Hacking Basics of Computer Programming
theoretical foundation,1,Digital Transfomation Frameworks
theoretical frameworks,1,Introduction to Digital Transformation
theoretical frameworks current,1,Introduction to Digital Transformation
theories,1,Introduction to Psychology
theories real-world,1,Introduction to Psychology
there,1,Growth Hacking
therefore ability find,1,Business Ethics
thing customer service,1,Customer Service First Call Resolution
things done,1,Increasing Productivity and Time Management
think creatively,1,Creativity and Innovation
think creatively outside,1,Creativity and Innovation
think critically,1,AI in Everyday life
think easy,1,Code of Ethics and Corporate Governance
think logically wear,1,Logical Thinking
think time start,1,How To Pass An Interview
thinking application,1,Introduction to Sustainability
thinking concerned,1,Lateral Thinking
thinking leading solving,1,Logical Thinking
thinking methodologies,1,Analytical skills
thinking wearing,1,Logical Thinking
thinking wearing six,1,Logical Thinking
thorough principles,1,Introduction to Corporate Governance
thoroughly extensive,1,Start with 3D Max
threat planet,1,Sustainability Principles and Sustainability in Business
threats,1,Cybersecurity Essentials
three dimensions,1,Autocad 3D Be the Embodied Hero
throughout identify,1,Business Acumen
ticket unlocking,1,Introduction to Visual Basic
time addition,1,Personal Effectiveness
time addition good,1,Personal Effectiveness
time blocking,1,Effective Time Management
time burning out,1,Effective Time Management
time customers,1,Face to Face Customer Service
time get,1,Increasing Productivity and Time Management
today,1,Sell Yourself and Idea Personal Branding
tool,1,Adobe InDesign Essentials
tools introduces,1,Hacking White Hat Tools
tools layers able,1,Photoshop Tools and Layers
tools like,1,Be an Autocad Artist Autocad Drawing 2
tools navigate,1,Risk Management
tools proven,1,Effective Time Management
tools settings,1,Digital Marketing Youtube
tools settings marketing,1,Digital Marketing Youtube
tools step,1,HTML Web Design Tools
tools step exciting,1,HTML Web Design Tools
tools used,1,Basics of Scrum and Kanban
tools welcome,1,Advanced Photoshop Shapes and Tools
top workplace,1,Emotional Intelligence
topic looking,1,AI in Everyday life
topics,1,Advanced JavaScript
topics cognition,1,Introduction to Psychology
topics cybersecurity,1,Cybersecurity Essentials
topics include,1,Supply Chain Analytics
topics including,1,Advanced PHP 2020
topics insight,1,Enhancing Resilience
towards,1,Lead Your Company to Winning
track,1,Employees Rights and Responsibilities
tracking,1,After Effects 2019 Advanced Techniques
transforming,1,Advanced Excel
transition,1,Transition to Senior Management
true,1,Healthy Living
trust,1,Leading at the Speed of Trust
ultimately,1,Critical Thinking
uncertainty,1,Risk Management
understand,1,Transition to Senior Management
unleashing,1,Lets Practice 3D Max
upon,1,Managing customer expectations
upset,1,Working With Upset Customers
upset customers,1,Working With Upset Customers
us,1,Building business relationships
using python,1,Python Database
utilising,1,Be an Autocad Artist Autocad Drawing 1
valuation,1,Exit Strategies and Business Valuation
video,1,Adobe Primere The Utimate Guide
view,1,Practice Android Studio 2017
visibility,1,WordPress Earn from What you Learn
visual effects,1,After Effects 2019 Advanced Techniques
visual web,1,Visual Basic Advanced Custom Controls
visual web programming,1,Visual Basic Advanced Custom Controls
wall,1,Revit 2020 Create Walls of Armor
walls,1,Revit 2020 Create Walls of Armor
was,1,Customer Service Career
waste,1,Introduction To Waste Management In Egypt
waste not,1,Introduction To Waste Management In Egypt
watch,1,Speed Reading
web applications,1,Python Web Programming
web design programming,1,C 2019 ASPNet
web developer,1,HTML Essentials
websites,1,Python Web Programming
well-being,1,Introduction to Mental health
wellness,1,Anger and Stress
were,1,Employees Rights and Responsibilities
when,1,Dealing with Criticism
whether re,1,Advanced Excel
which,1,Sustainability in Banking Sector
which doubt,1,The Twenties Journey
which help,1,Fraud Forgery
which serve holistic,1,Sustainable Development Goals
while,1,Hacking Start your White Hat Path
while also,1,Python Oriented Programming OOP
while developing,1,Introduction to Sustainability
while loops,1,Hacking Start your White Hat Path
whole,1,Improve your listening skills
windows security,1,Make a Deep Friendship with your Windows 10 Computer
winning,1,Lead Your Company to Winning
within,1,Project Management Fundamentals
wordpress plugins,1,WordPress Plugins
wordpress website,1,Build a Stronger WordPress Website
wordpress.com,1,Build a Stronger WordPress Website
work environment,1,Employees Rights and Responsibilities
work marketing,1,Digital Marketing Introduction
work marketing skills,1,Digital Marketing Introduction
work one,1,Team Work
work one factors,1,Team Work
work outside,1,Working Remotely
work teach,1,Developing Civility at Work
work teach adapt,1,Developing Civility at Work
work towards,1,Advanced Interpersonal Skills
work-related stakeholders,1,How to Manage Your Manager
workbench,1,MySQL Kick Start Your Career in Databases
worker,1,Working Remotely
workers,1,Flexibility and Adaptability
workers adaptive,1,Flexibility and Adaptability
workers workplace,1,Workplace Diversity
workflows additionally,1,Be an Autocad Artist Autocad Drawing 1
working across multiple,1,Excel Essential Training
working confidently,1,Revit 2020 Become a BIM Artist
working databases,1,Visual Basic Database Concepts
working onsite remotely,1,Basic Teamwork and Collaboration
working remotely,1,Working Remotely
working ui,1,C 2019 Essentials
workplace collaboration trust,1,Business Ethics and Etiquette
workplace conclusion,1,Business Acumen
workplace discuss,1,Flexibility and Adaptability
workplace diversity,1,Workplace Diversity
workplace hygiene,1,Designing workplace hygiene policies
workplace hygiene policies,1,Designing workplace hygiene policies
workplace lead,1,Developing Civility at Work
workplace lead civility,1,Developing Civility at Work
workplace light progress,1,Sexual Harassment in Workplace
workplace processes,1,Managing Change
workplace want know,1,Increasing Productivity and Time Management
world ability,1,Basic Teamwork and Collaboration
world animate cc,1,How to Start your Advanced Level in Animate 2019
world computer-aided,1,Introduction to AutoCAD
world computer-aided design,1,Introduction to AutoCAD
world define,1,Cross-cultural communication
world define key,1,Cross-cultural communication
world internet,1,IoT and Big Data
world microsoft,1,Master Access 2019 Advanced
world new,1,Introduction To Waste Management In Egypt
world producing,1,Presentation Skills Basics
world producing part,1,Presentation Skills Basics
world resilience,1,Enhancing Resilience
world resilience crucial,1,Enhancing Resilience
world role,1,AI in Everyday life
world role general,1,AI in Everyday life
world rules,1,How to make it in the corporate world
world should,1,How to make it in the corporate world
world success,1,How to make it in the corporate world
world want,1,Presentation Skills Basics
world whatever,1,Social Media for Job Prospecting
world wordpress,1,WordPress Plugins
world work human,1,Workplace Diversity
worlds possess,1,Essential Unity Controls 1
worlds windows,1,Access the Worlds Windows Microsoft Edge
worries,1,Kick Start Your Career
worries got,1,Kick Start Your Career
worries got covered,1,Kick Start Your Career
would feel,1,Success Recipe to Become a Star
write professional,1,Business Email Writing
writing business,1,Business Writing
writing designed people,1,Business Writing
written communication,1,Business Writing
written communication aims,1,Business Writing
xml json,1,JavaScript Regular Expressions and Drawing
xml parsing,1,PHP 2020 Database
year,1,Leading at the Speed of Trust
years due,1,Fraud Forgery
yields,1,Team Dynamics
yourself accountable,1,Accountability
yourself accountable ethics,1,Accountability
yourself autocad,1,Introduction to AutoCAD
yourself autocad functionalities,1,Introduction to AutoCAD
yourself eyes,1,Self Awareness
yourself personal,1,Emotion Management
yourself personal development,1,Emotion Management
yourself professional,1,How To Pass An Interview
yourself proud,1,Success Recipe to Become a Star
yourself supervisor,1,Lead Yourself
yourself supervisor achieve,1,Lead Yourself
yourself up,1,Lead Yourself
yourself up strategies,1,Lead Yourself
yourself valuable,1,How companies operate
yourself yourself,1,Lead Yourself
yourself yourself supervisor,1,Lead Yourself
youtube market video,1,Digital Marketing Youtube
zone manage,1,Attention To Details
